{"cameraMode":{"drawMode":0,"name":"Shaded","section":"Shading Mode"},"sceneLighting":false,"audioPlay":false,"sceneViewState":{"showFog":true,"showMaterialUpdate":false,"showSkybox":false,"showFlares":true,"showImageEffects":true,"showParticleSystems":true},"in2DMode":false,"pivot":{"x":501.16290283203127,"y":222.6473846435547,"z":53.862545013427737},"rotation":{"x":0.0247015543282032,"y":0.6203606128692627,"z":-0.01955384761095047,"w":0.783683717250824},"size":22.0,"orthographic":false}